,Ticket,Actual EPS,Bloomberg Estimated EPS,Announcement Date,Start,End
0,A UN Equity,0.51,0.484,5/22/17,11/28/16,11/9/17
1,AA UN Equity,0.41,0.581,7/19/17,1/26/17,1/9/18
2,AAL UW Equity,1.76,1.872,7/28/17,2/6/17,1/19/18
3,AAP UN Equity,1.18,1.659,8/15/17,2/23/17,2/6/18
4,AAPL UW Equity,2.11,2.022,5/2/17,11/7/16,10/20/17
5,ABBV UN Equity,1.2,1.399,7/28/17,2/6/17,1/19/18
6,ABC UN Equity,1.89,1.679,5/4/17,11/9/16,10/24/17
7,ABMD UW Equity,0.21,0.244,10/27/16,5/9/16,4/21/17
8,ABT UN Equity,0.16,0.605,7/20/17,1/27/17,1/10/18
11,ACGL UW Equity,0.43,0.391,7/26/17,2/2/17,1/17/18
12,ACHC UW Equity,0.57,0.648,7/27/17,2/3/17,1/18/18
13,ACM UN Equity,0.66,0.608,5/9/17,11/14/16,10/27/17
14,ACN UN Equity,1.35,1.299,3/23/17,9/29/16,9/13/17
15,ADBE UW Equity,0.76,0.946,6/20/17,12/27/16,12/8/17
16,ADI UW Equity,0.27,0.844,5/31/17,12/6/16,11/17/17
17,ADM UN Equity,0.48,0.516,8/1/17,2/8/17,1/23/18
18,ADNT UN Equity,2.03,2.408,4/28/17,11/3/16,10/18/17
19,ADP UW Equity,1.14,0.813,2/1/17,8/10/16,7/25/17
20,ADS UN Equity,2.48,3.728,7/20/17,1/27/17,1/10/18
21,ADSK UW Equity,-0.44,-0.134,8/25/16,3/7/16,2/16/17
23,AEE UN Equity,0.79,0.71,8/4/17,2/13/17,1/26/18
24,AEP UN Equity,0.76,0.816,7/27/17,2/3/17,1/18/18
25,AES UN Equity,0.08,0.208,8/8/17,2/15/17,1/30/18
26,AFG UN Equity,1.64,1.31,8/1/17,2/8/17,1/23/18
27,AFL UN Equity,0.9,0.821,7/27/17,2/3/17,1/18/18
28,AGCO UN Equity,1.15,1.039,7/27/17,2/3/17,1/18/18
29,AGIO UW Equity,-1.78,-1.558,8/8/17,2/15/17,1/30/18
30,AGN UN Equity,-2.37,3.919,8/3/17,2/10/17,1/25/18
31,AGNC UW Equity,0.05,0.606,7/26/17,2/2/17,1/17/18
32,AGO UN Equity,1.26,0.765,8/2/17,2/9/17,1/24/18
33,AGR UN Equity,0.39,0.398,7/19/17,1/26/17,1/9/18
34,AHL UN Equity,1.09,0.95,7/26/17,2/2/17,1/17/18
35,AIG UN Equity,1.22,1.196,8/2/17,2/9/17,1/24/18
36,AIV UN Equity,0.1,0.133,7/27/17,2/3/17,1/18/18
37,AIZ UN Equity,2.18,1.598,8/1/17,2/8/17,1/23/18
38,AJG UN Equity,0.39,1.029,7/27/17,2/3/17,1/18/18
39,AKAM UW Equity,0.33,0.604,7/25/17,2/1/17,1/16/18
40,AL UN Equity,0.98,0.855,8/3/17,2/10/17,1/25/18
41,ALB UN Equity,0.93,1.103,8/7/17,2/14/17,1/29/18
42,ALGN UW Equity,0.86,0.728,7/27/17,2/3/17,1/18/18
43,ALK UN Equity,2.37,2.518,7/26/17,2/2/17,1/17/18
44,ALKS UW Equity,-0.28,-0.006,7/27/17,2/3/17,1/18/18
45,ALL UN Equity,1.51,0.869,8/1/17,2/8/17,1/23/18
46,ALLE UN Equity,1.11,1.002,7/27/17,2/3/17,1/18/18
47,ALLY UN Equity,0.55,0.524,7/27/17,2/3/17,1/18/18
48,ALNY UW Equity,-1.34,-1.179,8/9/17,2/16/17,1/31/18
49,ALSN UN Equity,0.63,0.706,7/31/17,2/7/17,1/22/18
50,ALXN UW Equity,0.74,1.255,7/27/17,2/3/17,1/18/18
51,AMAT UW Equity,0.76,0.765,5/18/17,11/23/16,11/7/17
52,AMCX UW Equity,1.55,1.389,8/3/17,2/10/17,1/25/18
53,AMD UW Equity,-0.04,0.001,7/25/17,2/1/17,1/16/18
54,AME UN Equity,0.65,0.623,8/2/17,2/9/17,1/24/18
55,AMG UN Equity,2.24,3.241,7/31/17,2/7/17,1/22/18
56,AMGN UW Equity,2.93,3.108,7/25/17,2/1/17,1/16/18
57,AMH UN Equity,0,0.013,8/3/17,2/10/17,1/25/18
58,AMP UN Equity,2.53,2.624,7/25/17,2/1/17,1/16/18
59,AMT UN Equity,0.81,0.742,7/27/17,2/3/17,1/18/18
60,AMTD UW Equity,0.41,0.407,4/19/17,10/25/16,10/9/17
61,AMZN UW Equity,0.41,3.044,7/27/17,2/3/17,1/18/18
62,AN UN Equity,0.87,0.972,8/2/17,2/9/17,1/24/18
64,ANET UN Equity,1.42,0.948,8/3/17,2/10/17,1/25/18
65,ANSS UW Equity,0.82,0.914,8/2/17,2/9/17,1/24/18
66,ANTM UN Equity,3.23,3.233,7/26/17,2/2/17,1/17/18
67,AON UN Equity,2.93,1.446,8/4/17,2/13/17,1/26/18
68,AOS UN Equity,0.53,0.528,7/26/17,2/2/17,1/17/18
69,APA UN Equity,1.5,-0.021,8/3/17,2/10/17,1/25/18
70,APC UN Equity,-0.76,-0.332,7/24/17,1/31/17,1/12/18
71,APD UN Equity,9.78,1.378,4/27/17,11/2/16,10/17/17
72,APH UN Equity,0.82,0.721,7/26/17,2/2/17,1/17/18
73,APLE UN Equity,0.39,0.355,8/7/17,2/14/17,1/29/18
76,AR UN Equity,-0.02,0.029,8/2/17,2/9/17,1/24/18
78,ARE UN Equity,0.35,0.432,7/31/17,2/7/17,1/22/18
79,ARMK UN Equity,0.29,0.426,5/9/17,11/14/16,10/27/17
80,ARNC UN Equity,0.44,0.27,7/24/17,1/31/17,1/12/18
81,ARRS UW Equity,0.16,0.573,8/2/17,2/9/17,1/24/18
82,ARW UN Equity,1.12,1.772,8/3/17,2/10/17,1/25/18
83,ASB UN Equity,0.36,0.359,7/20/17,1/27/17,1/10/18
84,ASH UN Equity,1.48,1.611,4/25/17,10/31/16,10/13/17
85,ATH UN Equity,1.66564,1.077,8/9/17,2/16/17,1/31/18
86,ATHN UW Equity,0.25,0.392,7/20/17,1/27/17,1/10/18
87,ATO UN Equity,1.55,1.425,5/3/17,11/8/16,10/23/17
88,ATR UN Equity,1.04,0.958,7/27/17,2/3/17,1/18/18
89,ATVI UW Equity,0.32,0.304,8/3/17,2/10/17,1/25/18
90,AVB UN Equity,1.2,1.1,8/2/17,2/9/17,1/24/18
91,AVGO UW Equity,1.09,3.501,6/1/17,12/7/16,11/20/17
92,AVT UW Equity,0.8,0.751,1/26/17,8/4/16,7/19/17
93,AVY UN Equity,1.37,1.209,7/25/17,2/1/17,1/16/18
94,AWI UN Equity,0.77,0.666,7/31/17,2/7/17,1/22/18
95,AWK UN Equity,0.74,0.792,8/2/17,2/9/17,1/24/18
96,AXP UN Equity,1.48,1.439,7/19/17,1/26/17,1/9/18
97,AXS UN Equity,1.01,1.193,7/26/17,2/2/17,1/17/18
98,AXTA UN Equity,-0.09,0.389,8/3/17,2/10/17,1/25/18
99,AYI UN Equity,1.54,1.834,4/4/17,10/11/16,9/25/17
100,AZO UN Equity,8.29,8.188,2/28/17,9/6/16,8/18/17
101,AZPN UW Equity,0.48,0.463,1/26/17,8/4/16,7/19/17
102,BA UN Equity,2.91,2.299,7/26/17,2/2/17,1/17/18
103,BAC UN Equity,0.47,0.433,7/18/17,1/25/17,1/8/18
104,BAH UN Equity,0.42,0.426,11/2/16,5/13/16,4/27/17
105,BAX UN Equity,0.49,0.567,7/26/17,2/2/17,1/17/18
106,BBT UN Equity,0.78,0.768,7/20/17,1/27/17,1/10/18
107,BBY UN Equity,0.62,0.428,8/23/16,3/3/16,2/14/17
108,BC UN Equity,1.33,1.334,7/27/17,2/3/17,1/18/18
109,BDN UN Equity,0.02,0.016,7/20/17,1/27/17,1/10/18
110,BDX UN Equity,1.61,2.233,5/2/17,11/7/16,10/20/17
111,BEN UN Equity,0.74,0.672,4/28/17,11/3/16,10/18/17
112,BERY UN Equity,0.56,0.651,5/3/17,11/8/16,10/23/17
115,BFAM UN Equity,0.56,0.717,8/1/17,2/8/17,1/23/18
116,BG UN Equity,0.52,0.131,8/2/17,2/9/17,1/24/18
117,BGCP UW Equity,0.18,0.24,7/26/17,2/2/17,1/17/18
119,BHGE UN Equity,0,-0.111,7/28/17,2/6/17,1/19/18
120,BIIB UW Equity,4.07,4.402,7/25/17,2/1/17,1/16/18
121,BIO UN Equity,0.17,0.56,8/3/17,2/10/17,1/25/18
122,BK UN Equity,0.88,0.843,7/20/17,1/27/17,1/10/18
124,BKNG UW Equity,14.66,14.193,8/8/17,2/15/17,1/30/18
125,BKU UN Equity,0.6,0.56,7/26/17,2/2/17,1/17/18
126,BLK UN Equity,5.26,5.382,7/17/17,1/24/17,1/5/18
127,BLL UN Equity,0.28,0.549,8/3/17,2/10/17,1/25/18
128,BLUE UW Equity,-1.73,-1.646,8/2/17,2/9/17,1/24/18
129,BMRN UW Equity,-0.21,0.049,8/2/17,2/9/17,1/24/18
130,BMS UN Equity,0.31,0.553,7/27/17,2/3/17,1/18/18
131,BMY UN Equity,0.56,0.737,7/27/17,2/3/17,1/18/18
132,BOH UN Equity,1.05,1.028,7/24/17,1/31/17,1/12/18
133,BOKF UW Equity,1.35,1.3,7/26/17,2/2/17,1/17/18
134,BPOP UW Equity,0.94,0.915,7/26/17,2/2/17,1/17/18
136,BR UN Equity,0.25,0.377,2/8/17,8/17/16,8/1/17
138,BRKR UW Equity,0.15,0.203,8/3/17,2/10/17,1/25/18
139,BRO UN Equity,0.235,0.238,7/17/17,1/24/17,1/5/18
140,BRX UN Equity,0.25,0.208,7/31/17,2/7/17,1/22/18
141,BSX UN Equity,0.11,0.311,7/27/17,2/3/17,1/18/18
142,BURL UN Equity,0.29,0.296,8/25/16,3/7/16,2/16/17
143,BWA UN Equity,1.01,0.893,7/27/17,2/3/17,1/18/18
144,BWXT UN Equity,0.62,0.474,8/7/17,2/14/17,1/29/18
145,BXP UN Equity,0.87,0.774,8/1/17,2/8/17,1/23/18
146,C UN Equity,1.28,1.208,7/14/17,1/23/17,1/4/18
147,CABO UN Equity,4.91,5.456,8/8/17,2/15/17,1/30/18
148,CACC UW Equity,5.09,4.661,7/31/17,2/7/17,1/22/18
149,CAG UN Equity,0.28,0.454,12/22/16,7/5/16,6/16/17
150,CAH UN Equity,1.02,1.229,2/7/17,8/16/16,7/31/17
151,CASY UW Equity,1.46,1.567,12/7/16,6/17/16,6/1/17
152,CAT UN Equity,1.36,1.248,7/25/17,2/1/17,1/16/18
153,CB UN Equity,2.79,2.463,7/25/17,2/1/17,1/16/18
154,CBOE UF Equity,0.6,0.857,8/4/17,2/13/17,1/26/18
155,CBRE UN Equity,0.6,0.531,7/27/17,2/3/17,1/18/18
156,CBS UN Equity,0.14,0.957,8/7/17,2/14/17,1/29/18
157,CBSH UW Equity,0.680272109,0.632,7/13/17,1/20/17,1/3/18
158,CBT UN Equity,1.169872,0.854,5/1/17,11/4/16,10/19/17
159,CC UN Equity,0.87,0.849,8/2/17,2/9/17,1/24/18
160,CCI UN Equity,0.31,0.276,7/19/17,1/26/17,1/9/18
161,CCK UN Equity,0.95,1.098,7/19/17,1/26/17,1/9/18
162,CCL UN Equity,0.52,0.474,6/22/17,12/29/16,12/12/17
164,CDEV UR Equity,0.09,0.014,8/7/17,2/14/17,1/29/18
165,CDK UW Equity,0.56,0.558,2/2/17,8/11/16,7/26/17
166,CDNS UW Equity,0.25,0.323,7/24/17,1/31/17,1/12/18
167,CDW UW Equity,0.9,1.028,8/3/17,2/10/17,1/25/18
168,CE UN Equity,1.67,1.756,7/24/17,1/31/17,1/12/18
169,CELG UW Equity,1.41,1.775,7/27/17,2/3/17,1/18/18
170,CERN UW Equity,0.54,0.613,7/27/17,2/3/17,1/18/18
171,CF UN Equity,0.01,-0.04,8/2/17,2/9/17,1/24/18
172,CFG UN Equity,0.63,0.594,7/21/17,1/30/17,1/11/18
173,CFR UN Equity,1.3,1.286,7/27/17,2/3/17,1/18/18
174,CFX UN Equity,0.43,0.431,7/28/17,2/6/17,1/19/18
175,CGNX UW Equity,0.165,0.269,7/31/17,2/7/17,1/22/18
176,CHD UN Equity,0.29,0.388,8/3/17,2/10/17,1/25/18
177,CHE UN Equity,-1.35,1.89,7/25/17,2/1/17,1/16/18
178,CHH UN Equity,0.9,0.768,8/2/17,2/9/17,1/24/18
180,CHRW UW Equity,0.79,0.899,7/19/17,1/26/17,1/9/18
181,CHTR UW Equity,0.53,0.768,7/27/17,2/3/17,1/18/18
182,CI UN Equity,3.2,2.477,8/4/17,2/13/17,1/26/18
183,CIM UN Equity,0.56,0.632,8/2/17,2/9/17,1/24/18
184,CINF UW Equity,0.61,0.495,8/2/17,2/9/17,1/24/18
185,CIT UN Equity,0.86,0.591,7/25/17,2/1/17,1/16/18
186,CL UN Equity,0.59,0.721,7/21/17,1/30/17,1/11/18
187,CLGX UN Equity,0.49,0.661,7/25/17,2/1/17,1/16/18
188,CLH UN Equity,0.45,0.256,8/2/17,2/9/17,1/24/18
190,CLR UN Equity,-0.17,-0.007,8/8/17,2/15/17,1/30/18
191,CLX UN Equity,1.16,1.219,2/3/17,8/12/16,7/27/17
192,CMA UN Equity,1.15,1.079,7/18/17,1/25/17,1/8/18
193,CMCSA UW Equity,0.53,0.485,7/27/17,2/3/17,1/18/18
194,CMD UN Equity,0.43,0.497,3/9/17,9/15/16,8/29/17
195,CME UW Equity,1.23,1.205,8/1/17,2/8/17,1/23/18
196,CMG UN Equity,2.33,2.177,7/25/17,2/1/17,1/16/18
197,CMI UN Equity,2.53,2.577,8/1/17,2/8/17,1/23/18
198,CMS UN Equity,0.33,0.389,7/28/17,2/6/17,1/19/18
199,CNA UN Equity,1.01,0.756,7/31/17,2/7/17,1/22/18
200,CNC UN Equity,1.47,1.325,7/25/17,2/1/17,1/16/18
201,CNDT UN Equity,-0.03,0.159,8/9/17,2/16/17,1/31/18
202,CNK UN Equity,0.44,0.46,8/4/17,2/13/17,1/26/18
203,CNP UN Equity,0.31,0.219,8/3/17,2/10/17,1/25/18
204,CNX UN Equity,0.74,0.1,8/1/17,2/8/17,1/23/18
205,COF UN Equity,1.96,1.898,7/20/17,1/27/17,1/10/18
206,COG UN Equity,0.05,0.148,7/27/17,2/3/17,1/18/18
207,COHR UW Equity,1.71,2.445,5/9/17,11/14/16,10/27/17
208,COLM UW Equity,-0.17,-0.205,7/27/17,2/3/17,1/18/18
209,COMM UW Equity,0.29,0.646,8/3/17,2/10/17,1/25/18
210,CONE UW Equity,-0.01,0.073,8/2/17,2/9/17,1/24/18
211,COO UN Equity,2.14,2.25,6/1/17,12/7/16,11/20/17
212,COP UN Equity,-2.78,-0.018,7/27/17,2/3/17,1/18/18
213,COR UN Equity,0.46,0.443,7/27/17,2/3/17,1/18/18
214,COST UW Equity,1.17,1.351,3/2/17,9/8/16,8/22/17
215,COTY UN Equity,0.06,0.34,2/9/17,8/18/16,8/2/17
216,CPA UN Equity,1.49,1.443,8/9/17,2/16/17,1/31/18
217,CPB UN Equity,0.33,0.879,2/17/17,8/26/16,8/10/17
218,CPRT UW Equity,0.29,0.288,2/21/17,8/29/16,8/11/17
219,CPT UN Equity,0.43,0.42,7/27/17,2/3/17,1/18/18
220,CR UN Equity,1.16,1.172,7/24/17,1/31/17,1/12/18
221,CRI UN Equity,0.78,0.705,7/27/17,2/3/17,1/18/18
222,CRL UN Equity,1.13,1.217,8/9/17,2/16/17,1/31/18
223,CRM UN Equity,0.34,0.22,8/31/16,3/11/16,2/23/17
224,CSCO UW Equity,0.47,0.562,2/15/17,8/24/16,8/8/17
225,CSGP UW Equity,0.68,0.626,7/26/17,2/2/17,1/17/18
226,CSL UN Equity,1.59,1.598,7/25/17,2/1/17,1/16/18
227,CSX UW Equity,0.55,0.591,7/18/17,1/25/17,1/8/18
228,CTAS UW Equity,1.32,1.154,12/22/16,7/5/16,6/16/17
229,CTL UN Equity,0.03,0.489,8/2/17,2/9/17,1/24/18
230,CTLT UN Equity,0.14,0.262,2/6/17,8/15/16,7/28/17
231,CTSH UW Equity,0.8,0.905,8/3/17,2/10/17,1/25/18
232,CTXS UW Equity,0.72,0.996,8/2/17,2/9/17,1/24/18
233,CUBE UN Equity,0.18,0.162,7/27/17,2/3/17,1/18/18
234,CVS UN Equity,1.07,1.307,8/8/17,2/15/17,1/30/18
235,CVX UN Equity,0.77,0.873,7/28/17,2/6/17,1/19/18
236,CW UN Equity,1.15,0.966,7/26/17,2/2/17,1/17/18
237,CXO UN Equity,1.02,0.428,8/2/17,2/9/17,1/24/18
238,CXP UN Equity,0.01,-0.01,7/27/17,2/3/17,1/18/18
239,CY UW Equity,-0.05,0.163,7/27/17,2/3/17,1/18/18
240,CZR UW Equity,-9.62,0.235,8/3/17,2/10/17,1/25/18
241,D UN Equity,0.62,0.667,8/2/17,2/9/17,1/24/18
242,DAL UN Equity,1.63,1.655,7/13/17,1/20/17,1/3/18
243,DATA UN Equity,-0.54,-0.05,8/2/17,2/9/17,1/24/18
244,DCI UN Equity,0.35,0.314,3/1/17,9/7/16,8/21/17
245,DE UN Equity,2.53,1.627,5/19/17,11/25/16,11/8/17
246,DEI UN Equity,0.129,0.133,8/1/17,2/8/17,1/23/18
247,DFS UN Equity,1.403694,1.443,7/26/17,2/2/17,1/17/18
248,DG UN Equity,1.08,1.09,8/25/16,3/7/16,2/16/17
250,DHI UN Equity,0.61,0.591,4/20/17,10/26/16,10/10/17
251,DHR UN Equity,0.8,0.969,7/20/17,1/27/17,1/10/18
252,DIS UN Equity,1.51,1.411,5/9/17,11/14/16,10/27/17
253,DISCA UW Equity,0.65,0.721,7/31/17,2/7/17,1/22/18
254,DISCK UW Equity,0.65,0.721,7/31/17,2/7/17,1/22/18
255,DISH UW Equity,0.09,0.745,8/3/17,2/10/17,1/25/18
256,DKS UN Equity,0.82,0.687,8/16/16,2/25/16,2/7/17
257,DLB UN Equity,0.5,0.663,4/26/17,11/1/16,10/16/17
258,DLR UN Equity,0.36,0.394,7/27/17,2/3/17,1/18/18
259,DLTR UW Equity,0.72,0.733,8/25/16,3/7/16,2/16/17
260,DNB UN Equity,1.22,1.164,8/2/17,2/9/17,1/24/18
261,DNKN UW Equity,0.56,0.623,7/27/17,2/3/17,1/18/18
263,DOV UN Equity,1.05,1.007,7/20/17,1/27/17,1/10/18
264,DOX UW Equity,0.77,0.936,5/9/17,11/14/16,10/27/17
265,DPZ UN Equity,1.37,1.231,7/25/17,2/1/17,1/16/18
266,DRE UN Equity,3.372437,0.094,7/26/17,2/2/17,1/17/18
267,DRI UN Equity,0.65,0.635,12/20/16,6/30/16,6/14/17
268,DTE UN Equity,0.99,0.999,7/26/17,2/2/17,1/17/18
269,DUK UN Equity,0.98,1.014,8/3/17,2/10/17,1/25/18
270,DVA UN Equity,0.66,0.902,8/1/17,2/8/17,1/23/18
272,DVN UN Equity,0.415385,0.327,8/1/17,2/8/17,1/23/18
273,DWDP UN Equity,0.79,1.062,10/26/17,5/8/17,4/20/18
274,DXC UN Equity,0.11,0.61,11/7/17,5/18/17,5/2/18
275,DXCM UW Equity,0.03,-0.217,8/1/17,2/8/17,1/23/18
276,EA UW Equity,-0.13,0.433,11/1/16,5/12/16,4/26/17
278,EBAY UW Equity,0.03,0.446,7/20/17,1/27/17,1/10/18
279,ECL UN Equity,1.02,1.125,8/1/17,2/8/17,1/23/18
280,ED UN Equity,0.57,0.62,8/3/17,2/10/17,1/25/18
281,EEFT UW Equity,0.98,1.067,7/25/17,2/1/17,1/16/18
282,EFX UN Equity,1.37,1.57,7/26/17,2/2/17,1/17/18
283,EGN UN Equity,0.3,0.047,8/8/17,2/15/17,1/30/18
284,EHC UN Equity,0.7,0.675,7/31/17,2/7/17,1/22/18
285,EIX UN Equity,0.85,0.915,7/27/17,2/3/17,1/18/18
286,EL UN Equity,1.17,1.172,2/2/17,8/11/16,7/26/17
288,EMN UN Equity,2.01,1.905,7/27/17,2/3/17,1/18/18
289,EMR UN Equity,0.45,0.581,5/2/17,11/7/16,10/20/17
290,ENR UN Equity,0.76,0.339,5/3/17,11/8/16,10/23/17
291,EOG UN Equity,0.04,0.121,8/1/17,2/8/17,1/23/18
292,EPAM UN Equity,0.72,0.813,8/3/17,2/10/17,1/25/18
293,EPR UN Equity,1.02,0.76,8/3/17,2/10/17,1/25/18
294,EQC UN Equity,-0.06,0.051,7/24/17,1/31/17,1/12/18
296,EQIX UW Equity,0.59,0.919,8/2/17,2/9/17,1/24/18
297,EQR UN Equity,0.53,0.316,7/25/17,2/1/17,1/16/18
298,EQT UN Equity,0.24,0.065,7/27/17,2/3/17,1/18/18
299,ERIE UW Equity,1.201223,1.21,7/27/17,2/3/17,1/18/18
300,ES UN Equity,0.72,0.682,7/27/17,2/3/17,1/18/18
302,ESRX UW Equity,1.38,1.714,7/25/17,2/1/17,1/16/18
303,ESS UN Equity,1.08,0.974,7/27/17,2/3/17,1/18/18
304,ETFC UW Equity,0.7,0.481,7/20/17,1/27/17,1/10/18
305,ETN UN Equity,1.16,1.157,8/1/17,2/8/17,1/23/18
306,ETR UN Equity,2.28,1.184,8/2/17,2/9/17,1/24/18
308,EV UN Equity,0.65,0.591,5/24/17,11/30/16,11/13/17
309,EVR UN Equity,0.45,0.843,7/27/17,2/3/17,1/18/18
311,EW UN Equity,0.88,0.881,7/26/17,2/2/17,1/17/18
312,EWBC UW Equity,0.82,0.802,7/20/17,1/27/17,1/10/18
313,EXAS UR Equity,-0.27,-0.351,7/25/17,2/1/17,1/16/18
314,EXC UN Equity,0.1,0.524,8/2/17,2/9/17,1/24/18
315,EXEL UW Equity,0.06,0.037,8/2/17,2/9/17,1/24/18
316,EXP UN Equity,1.26,1.287,10/24/16,5/4/16,4/18/17
317,EXPD UW Equity,0.6,0.591,8/8/17,2/15/17,1/30/18
318,EXPE UW Equity,0.37,0.92,7/27/17,2/3/17,1/18/18
319,EXR UN Equity,0.69,0.648,8/1/17,2/8/17,1/23/18
320,F UN Equity,0.51,0.43,7/26/17,2/2/17,1/17/18
321,FAF UN Equity,1.1,0.93,7/27/17,2/3/17,1/18/18
322,FANG UW Equity,1.61,0.946,8/1/17,2/8/17,1/23/18
323,FAST UW Equity,0.52,0.497,7/12/17,1/19/17,1/2/18
324,FB UW Equity,1.34,1.384,7/26/17,2/2/17,1/17/18
325,FBHS UN Equity,0.89,0.872,8/2/17,2/9/17,1/24/18
328,FCX UN Equity,0.18,0.202,7/25/17,2/1/17,1/16/18
329,FDC UN Equity,0.2,0.399,8/7/17,2/14/17,1/29/18
330,FDS UN Equity,1.69,1.797,3/28/17,10/4/16,9/18/17
331,FDX UN Equity,2.63,2.908,12/20/16,6/30/16,6/14/17
332,FE UN Equity,0.39,0.597,7/27/17,2/3/17,1/18/18
333,FEYE UW Equity,-0.39,-0.116,8/1/17,2/8/17,1/23/18
334,FFIV UW Equity,1.44,1.971,4/26/17,11/1/16,10/16/17
335,FHB UW Equity,0.41,0.406,7/27/17,2/3/17,1/18/18
336,FHN UN Equity,0.39,0.262,7/14/17,1/23/17,1/4/18
337,FICO UN Equity,0.81,1.127,4/27/17,11/2/16,10/17/17
338,FIS UN Equity,0.42,0.972,8/2/17,2/9/17,1/24/18
339,FISV UW Equity,0.52,0.618,8/1/17,2/8/17,1/23/18
340,FITB UW Equity,0.46,0.425,7/21/17,1/30/17,1/11/18
341,FL UN Equity,0.94,0.901,8/19/16,3/1/16,2/10/17
342,FLIR UW Equity,0.38,0.416,7/26/17,2/2/17,1/17/18
343,FLO UN Equity,0.21,0.23,8/9/17,2/16/17,1/31/18
344,FLR UN Equity,-0.17,0.601,8/3/17,2/10/17,1/25/18
345,FLS UN Equity,0.32,0.43,7/27/17,2/3/17,1/18/18
346,FLT UN Equity,1.42,1.965,8/3/17,2/10/17,1/25/18
347,FMC UN Equity,0.56,0.474,8/1/17,2/8/17,1/23/18
348,FNB UN Equity,0.22,0.23,7/20/17,1/27/17,1/10/18
350,FNF UN Equity,1.092251,0.72,7/19/17,1/26/17,1/9/18
351,FOX UW Equity,0.46,0.49,2/6/17,8/15/16,7/28/17
352,FOXA UW Equity,0.46,0.49,2/6/17,8/15/16,7/28/17
353,FRC UN Equity,1.1,1.086,7/14/17,1/23/17,1/4/18
354,FRT UN Equity,1.05,0.791,8/2/17,2/9/17,1/24/18
355,FSLR UW Equity,0.5,0.035,7/27/17,2/3/17,1/18/18
357,FTNT UW Equity,0.13,0.198,7/26/17,2/2/17,1/17/18
358,FTV UN Equity,0.69,0.694,7/27/17,2/3/17,1/18/18
359,FWONA UW Equity,-1.054172,-0.025,8/9/17,2/16/17,1/31/18
361,G UN Equity,0.36,0.355,8/2/17,2/9/17,1/24/18
362,GD UN Equity,2.5,2.422,7/26/17,2/2/17,1/17/18
363,GDDY UN Equity,0.2,0.328,8/8/17,2/15/17,1/30/18
365,GE UN Equity,0.1,0.251,7/21/17,1/30/17,1/11/18
366,GGG UN Equity,0.16,0.355,7/26/17,2/2/17,1/17/18
368,GILD UW Equity,2.35,2.141,7/26/17,2/2/17,1/17/18
369,GIS UN Equity,0.82,0.862,12/20/16,6/30/16,6/14/17
371,GLPI UW Equity,0.46,0.455,7/31/17,2/7/17,1/22/18
372,GLW UN Equity,0.46,0.403,7/26/17,2/2/17,1/17/18
373,GM UN Equity,1.11,1.696,7/25/17,2/1/17,1/16/18
374,GNTX UW Equity,0.31,0.317,7/21/17,1/30/17,1/11/18
376,GOOGL UW Equity,5.09,10.407,7/24/17,1/31/17,1/12/18
377,GPC UN Equity,1.29,1.313,7/20/17,1/27/17,1/10/18
378,GPK UN Equity,0.14,0.146,7/25/17,2/1/17,1/16/18
379,GPN UN Equity,0.44,0.92,8/3/17,2/10/17,1/25/18
380,GPS UN Equity,0.31,0.586,8/18/16,2/29/16,2/9/17
381,GRA UN Equity,0.64,0.798,7/27/17,2/3/17,1/18/18
382,GRMN UW Equity,0.94,0.809,8/2/17,2/9/17,1/24/18
383,GRUB UN Equity,0.17,0.257,8/3/17,2/10/17,1/25/18
384,GS UN Equity,4,3.427,7/18/17,1/25/17,1/8/18
385,GT UW Equity,0.58,0.71,7/28/17,2/6/17,1/19/18
388,GWR UN Equity,0.75,0.726,8/1/17,2/8/17,1/23/18
389,GWRE UN Equity,0.05,0.142,3/2/17,9/8/16,8/22/17
390,GWW UN Equity,1.68,2.646,7/19/17,1/26/17,1/9/18
391,H UN Equity,0.82,0.349,8/3/17,2/10/17,1/25/18
392,HAIN UW Equity,0.26,0.566,6/22/17,12/29/16,12/12/17
393,HAL UN Equity,0.03,0.18,7/24/17,1/31/17,1/12/18
394,HAS UW Equity,0.54,0.454,7/24/17,1/31/17,1/12/18
395,HBAN UW Equity,0.23,0.232,7/21/17,1/30/17,1/11/18
396,HBI UN Equity,0.47,0.529,8/1/17,2/8/17,1/23/18
397,HCA UN Equity,1.79,1.803,7/25/17,2/1/17,1/16/18
398,HCP UN Equity,0.04,0.157,8/1/17,2/8/17,1/23/18
399,HD UN Equity,1.98,1.968,8/16/16,2/25/16,2/7/17
400,HDS UW Equity,0.49,0.875,9/7/16,3/17/16,3/1/17
401,HE UN Equity,0.36,0.393,8/3/17,2/10/17,1/25/18
402,HEI UN Equity,0.3456,0.323,5/23/17,11/29/16,11/10/17
404,HES UN Equity,-1.46,-1.295,7/26/17,2/2/17,1/17/18
405,HFC UN Equity,0.33,0.469,8/2/17,2/9/17,1/24/18
406,HGV UN Equity,0.51,0.453,8/2/17,2/9/17,1/24/18
407,HHC UN Equity,0.08,0.777,8/7/17,2/14/17,1/29/18
408,HIG UN Equity,-0.11,0.943,7/27/17,2/3/17,1/18/18
409,HII UN Equity,3.22,2.667,8/3/17,2/10/17,1/25/18
410,HIW UN Equity,0.37,0.303,7/25/17,2/1/17,1/16/18
411,HLF UN Equity,0.845,0.557,8/1/17,2/8/17,1/23/18
412,HLT UN Equity,0.46,0.499,7/26/17,2/2/17,1/17/18
413,HOG UN Equity,1.48,1.383,7/18/17,1/25/17,1/8/18
414,HOLX UW Equity,1.88,0.461,5/10/17,11/15/16,10/30/17
415,HON UN Equity,1.82,1.778,7/21/17,1/30/17,1/11/18
416,HP UN Equity,-0.45,-0.407,4/27/17,11/2/16,10/17/17
417,HPE UN Equity,-0.37,0.352,5/31/17,12/6/16,11/17/17
418,HPP UN Equity,0.02,0.032,8/3/17,2/10/17,1/25/18
419,HPQ UN Equity,0.33,0.389,5/24/17,11/30/16,11/13/17
420,HPT UW Equity,0.37,0.35,8/9/17,2/16/17,1/31/18
421,HRB UN Equity,-0.68,-0.675,12/7/16,6/17/16,6/1/17
422,HRC UN Equity,0.52,0.788,4/28/17,11/3/16,10/18/17
423,HRL UN Equity,0.4,0.399,5/25/17,12/1/16,11/14/17
424,HRS UN Equity,1.42,1.379,2/2/17,8/11/16,7/26/17
425,HSIC UW Equity,0.43,0.872,8/8/17,2/15/17,1/30/18
426,HST UN Equity,0.28,0.29,7/26/17,2/2/17,1/17/18
427,HSY UN Equity,0.955018,0.896,7/26/17,2/2/17,1/17/18
428,HTA UN Equity,-0.03,0.105,7/31/17,2/7/17,1/22/18
429,HUBB UN Equity,1.44,1.403,7/25/17,2/1/17,1/16/18
430,HUM UN Equity,4.49,3.068,8/2/17,2/9/17,1/24/18
431,HUN UN Equity,0.7,0.649,7/27/17,2/3/17,1/18/18
432,HXL UN Equity,0.68,0.689,7/24/17,1/31/17,1/12/18
433,IAC UW Equity,0.84,0.652,8/2/17,2/9/17,1/24/18
434,IART UW Equity,0.14,0.447,7/26/17,2/2/17,1/17/18
435,IBKR VF Equity,0.33,0.37,7/18/17,1/25/17,1/8/18
436,IBM UN Equity,2.49,2.744,7/18/17,1/25/17,1/8/18
437,ICE UN Equity,0.71,0.756,8/3/17,2/10/17,1/25/18
438,ICUI UW Equity,-1.87,0.767,8/9/17,2/16/17,1/31/18
439,IDXX UW Equity,0.97,0.848,8/1/17,2/8/17,1/23/18
440,IEX UN Equity,1.1,1.06,7/25/17,2/1/17,1/16/18
441,IFF UN Equity,1.39,1.449,8/8/17,2/15/17,1/30/18
442,IGT UN Equity,-1.43,0.343,8/1/17,2/8/17,1/23/18
443,ILMN UW Equity,0.87,0.688,8/1/17,2/8/17,1/23/18
444,INCY UW Equity,-0.06,0.192,8/1/17,2/8/17,1/23/18
445,INFO UW Equity,0.25,0.523,6/27/17,1/4/17,12/15/17
446,INGR UN Equity,1.81,1.851,8/1/17,2/8/17,1/23/18
447,INTC UW Equity,0.6,0.68,7/27/17,2/3/17,1/18/18
448,INTU UW Equity,0.05,0.25,2/23/17,8/31/16,8/15/17
449,INVH UN Equity,0.02,0.018,8/10/17,2/17/17,2/1/18
450,IONS UW Equity,-0.02,-0.028,8/8/17,2/15/17,1/30/18
451,IP UN Equity,0.19,0.647,7/27/17,2/3/17,1/18/18
452,IPG UN Equity,0.27,0.343,7/25/17,2/1/17,1/16/18
453,IPGP UW Equity,1.95,1.665,8/1/17,2/8/17,1/23/18
454,IQV UN Equity,0.28,1.051,8/3/17,2/10/17,1/25/18
455,IR UN Equity,1.4,1.455,7/26/17,2/2/17,1/17/18
456,IRM UN Equity,0.3,0.288,7/28/17,2/6/17,1/19/18
457,ISRG UW Equity,0.67,1.928,7/20/17,1/27/17,1/10/18
458,IT UN Equity,-1.03,0.851,8/8/17,2/15/17,1/30/18
459,ITT UN Equity,0.54,0.628,8/4/17,2/13/17,1/26/18
460,ITW UN Equity,1.7,1.636,7/24/17,1/31/17,1/12/18
461,IVZ UN Equity,0.58,0.612,7/27/17,2/3/17,1/18/18
462,JAZZ UW Equity,1.76,2.755,8/8/17,2/15/17,1/30/18
464,JBHT UW Equity,0.89,0.913,7/17/17,1/24/17,1/5/18
465,JBL UN Equity,0.11,0.464,3/15/17,9/21/16,9/5/17
466,JBLU UW Equity,0.63,0.584,7/25/17,2/1/17,1/16/18
467,JCI UN Equity,-0.16,0.494,4/27/17,11/2/16,10/17/17
468,JEC UN Equity,0.41,0.718,5/9/17,11/14/16,10/27/17
469,JEF UN Equity,0.16,0.3,7/27/17,2/3/17,1/18/18
470,JKHY UW Equity,0.76,0.74,2/7/17,8/16/16,7/31/17
472,JNJ UN Equity,1.42,1.79,7/18/17,1/25/17,1/8/18
473,JNPR UN Equity,0.47,0.542,7/25/17,2/1/17,1/16/18
474,JPM UN Equity,1.83,1.583,7/14/17,1/23/17,1/4/18
476,JWN UN Equity,0.67,0.566,8/11/16,2/22/16,2/2/17
477,K UN Equity,0.81,0.92,8/3/17,2/10/17,1/25/18
478,KAR UN Equity,0.42,0.578,8/8/17,2/15/17,1/30/18
480,KEX UN Equity,0.48,0.476,7/26/17,2/2/17,1/17/18
481,KEY UN Equity,0.37,0.337,7/20/17,1/27/17,1/10/18
482,KEYS UN Equity,0.28,0.568,6/6/17,12/12/16,11/24/17
483,KHC UW Equity,0.95,0.949,8/3/17,2/10/17,1/25/18
484,KIM UN Equity,0.31,0.137,7/26/17,2/2/17,1/17/18
485,KLAC UW Equity,1.52,1.404,1/26/17,8/4/16,7/19/17
486,KMB UN Equity,1.5,1.491,7/25/17,2/1/17,1/16/18
487,KMI UN Equity,0.15,0.147,7/19/17,1/26/17,1/9/18
488,KMX UN Equity,0.85,0.881,9/21/16,4/1/16,3/15/17
489,KNX UN Equity,0.305555556,0.283,7/24/17,1/31/17,1/12/18
490,KO UN Equity,0.32,0.575,7/26/17,2/2/17,1/17/18
491,KORS UN Equity,0.97,0.881,11/10/16,5/23/16,5/5/17
492,KOS UN Equity,-0.02,-0.022,8/7/17,2/14/17,1/29/18
493,KR UN Equity,0.4,0.452,9/9/16,3/21/16,3/3/17
494,KRC UN Equity,0.3,0.265,7/26/17,2/2/17,1/17/18
495,KSS UN Equity,0.77,1.032,8/11/16,2/22/16,2/2/17
496,KSU UN Equity,1.27,1.281,7/21/17,1/30/17,1/11/18
497,L UN Equity,0.69,0.763,7/31/17,2/7/17,1/22/18
498,LAMR UW Equity,0.94,0.877,8/8/17,2/15/17,1/30/18
499,LAZ UN Equity,0.98,0.794,7/27/17,2/3/17,1/18/18
500,LB UN Equity,0.88,0.597,8/17/16,2/26/16,2/8/17
501,LBRDA UW Equity,-0.02,0.05,8/2/17,2/9/17,1/24/18
503,LDOS UN Equity,0.65,0.781,8/3/17,2/10/17,1/25/18
504,LEA UN Equity,4.53,4.111,7/26/17,2/2/17,1/17/18
505,LECO UW Equity,0.93,0.938,7/25/17,2/1/17,1/16/18
506,LEG UN Equity,0.64,0.649,7/27/17,2/3/17,1/18/18
507,LEN UN Equity,0.87254902,0.768,6/20/17,12/27/16,12/8/17
509,LFUS UW Equity,2.13,2.085,8/2/17,2/9/17,1/24/18
512,LH UN Equity,1.8,2.406,7/26/17,2/2/17,1/17/18
513,LII UN Equity,2.73,2.759,7/24/17,1/31/17,1/12/18
515,LKQ UW Equity,0.49,0.519,7/27/17,2/3/17,1/18/18
516,LLL UN Equity,2.59,2.028,7/27/17,2/3/17,1/18/18
517,LLY UN Equity,0.96,1.049,7/25/17,2/1/17,1/16/18
518,LM UN Equity,0.63,0.825,10/28/16,5/10/16,4/24/17
519,LMT UN Equity,3.31,3.108,7/18/17,1/25/17,1/8/18
520,LNC UN Equity,1.84,1.748,8/2/17,2/9/17,1/24/18
521,LNG UA Equity,-1.23,-0.017,8/8/17,2/15/17,1/30/18
522,LNT UN Equity,0.41,0.381,8/3/17,2/10/17,1/25/18
523,LOGM UW Equity,0.28,0.931,7/27/17,2/3/17,1/18/18
524,LOPE UW Equity,0.85,0.683,8/1/17,2/8/17,1/23/18
525,LOW UN Equity,1.32,1.417,8/17/16,2/26/16,2/8/17
526,LPLA UW Equity,0.76,0.649,7/27/17,2/3/17,1/18/18
527,LPT UN Equity,0.35,0.33,7/25/17,2/1/17,1/16/18
528,LRCX UW Equity,2.05,2.196,1/25/17,8/3/16,7/18/17
529,LSI UN Equity,0.42,0.557,8/2/17,2/9/17,1/24/18
530,LSTR UW Equity,0.89,0.886,7/26/17,2/2/17,1/17/18
531,LSXMA UW Equity,0.37,0.4,8/9/17,2/16/17,1/31/18
532,LSXMK UW Equity,0.37,0.4,8/9/17,2/16/17,1/31/18
533,LULU UW Equity,0.39,0.38,9/1/16,3/14/16,2/24/17
534,LUV UN Equity,1.23,1.196,7/27/17,2/3/17,1/18/18
535,LVS UN Equity,0.69,0.59,7/26/17,2/2/17,1/17/18
537,LYB UN Equity,2.822943,2.68,7/28/17,2/6/17,1/19/18
538,LYV UN Equity,0.31,0.19,8/9/17,2/16/17,1/31/18
539,M UN Equity,0.02,0.453,8/11/16,2/22/16,2/2/17
540,MA UN Equity,1.1,1.044,7/27/17,2/3/17,1/18/18
541,MAA UN Equity,0.42,0.333,7/26/17,2/2/17,1/17/18
542,MAC UN Equity,0.19,0.141,8/2/17,2/9/17,1/24/18
543,MAN UN Equity,1.74,1.741,7/24/17,1/31/17,1/12/18
544,MANH UW Equity,0.45,0.478,7/20/17,1/27/17,1/10/18
545,MAR UW Equity,1.29,1.02,8/7/17,2/14/17,1/29/18
546,MAS UN Equity,0.51,0.596,7/27/17,2/3/17,1/18/18
547,MASI UW Equity,0.87,0.703,8/2/17,2/9/17,1/24/18
548,MAT UW Equity,-0.16,-0.093,7/27/17,2/3/17,1/18/18
549,MCD UN Equity,1.72,1.617,7/25/17,2/1/17,1/16/18
550,MCHP UW Equity,0.16,0.872,11/7/16,5/18/16,5/2/17
551,MCK UN Equity,1.36,3.054,10/27/16,5/9/16,4/21/17
552,MCO UN Equity,1.63,1.338,7/21/17,1/30/17,1/11/18
553,MCY UN Equity,0.93,0.5,7/31/17,2/7/17,1/22/18
554,MD UN Equity,0.69,0.872,7/28/17,2/6/17,1/19/18
555,MDLZ UW Equity,0.33,0.457,8/2/17,2/9/17,1/24/18
556,MDT UN Equity,0.81,1.11,11/22/16,6/3/16,5/17/17
557,MDU UN Equity,0.21,0.248,8/1/17,2/8/17,1/23/18
558,MET UN Equity,0.81,1.282,8/2/17,2/9/17,1/24/18
559,MFA UN Equity,0.2,0.18,8/2/17,2/9/17,1/24/18
560,MGM UN Equity,0.36,0.301,7/27/17,2/3/17,1/18/18
561,MHK UN Equity,3.51,3.6,7/27/17,2/3/17,1/18/18
562,MIC UN Equity,0.32,0.497,8/2/17,2/9/17,1/24/18
563,MIDD UW Equity,1.35,1.383,8/9/17,2/16/17,1/31/18
564,MIK UW Equity,0.17,0.169,8/25/16,3/7/16,2/16/17
565,MKC UN Equity,0.8,0.762,6/29/17,1/6/17,12/19/17
566,MKL UN Equity,10.34,6.403,7/26/17,2/2/17,1/17/18
567,MKSI UW Equity,2.22,1.406,7/25/17,2/1/17,1/16/18
568,MKTX UW Equity,1.03,0.918,7/26/17,2/2/17,1/17/18
569,MLM UN Equity,2.26,2.363,8/1/17,2/8/17,1/23/18
570,MMC UN Equity,0.98,1.004,7/27/17,2/3/17,1/18/18
571,MMM UN Equity,2.65,2.59,7/25/17,2/1/17,1/16/18
572,MNST UW Equity,0.39,0.399,8/8/17,2/15/17,1/30/18
573,MO UN Equity,1.03,0.859,7/27/17,2/3/17,1/18/18
574,MOH UN Equity,-4.1,0.865,8/2/17,2/9/17,1/24/18
576,MOS UN Equity,0.28,0.229,8/1/17,2/8/17,1/23/18
577,MPC UN Equity,0.94,1.066,7/27/17,2/3/17,1/18/18
578,MPW UN Equity,0.21,0.207,8/9/17,2/16/17,1/31/18
579,MPWR UW Equity,0.36,0.672,7/26/17,2/2/17,1/17/18
580,MRK UN Equity,0.71,0.874,7/28/17,2/6/17,1/19/18
581,MRO UN Equity,-0.16,-0.149,8/2/17,2/9/17,1/24/18
582,MRVL UW Equity,0.1,0.111,9/6/16,3/16/16,2/28/17
583,MS UN Equity,0.89,0.765,7/19/17,1/26/17,1/9/18
584,MSCI UN Equity,0.9,0.899,8/3/17,2/10/17,1/25/18
585,MSFT UW Equity,0.81,0.786,1/26/17,8/4/16,7/19/17
587,MSI UN Equity,0.8,1.037,8/3/17,2/10/17,1/25/18
588,MSM UN Equity,0.94,0.897,4/6/17,10/13/16,9/27/17
589,MTB UN Equity,2.36,2.271,7/19/17,1/26/17,1/9/18
590,MTCH UW Equity,0.2,0.184,8/2/17,2/9/17,1/24/18
591,MTD UN Equity,3.94,3.894,7/27/17,2/3/17,1/18/18
592,MTN UN Equity,3.72,3.396,3/10/17,9/16/16,8/30/17
593,MU UW Equity,0.81,0.864,3/23/17,9/29/16,9/13/17
594,MUR UN Equity,-0.1,-0.154,8/2/17,2/9/17,1/24/18
595,MXIM UW Equity,0.46,0.433,1/26/17,8/4/16,7/19/17
596,MYL UW Equity,0.56,1.158,8/9/17,2/16/17,1/31/18
597,NATI UW Equity,0.19,0.257,7/27/17,2/3/17,1/18/18
598,NAVI UW Equity,0.4,0.414,7/18/17,1/25/17,1/8/18
599,NBIX UW Equity,-0.68,-0.662,8/3/17,2/10/17,1/25/18
600,NBL UN Equity,-3.2,-0.131,8/3/17,2/10/17,1/25/18
601,NBR UN Equity,-0.46,-0.356,8/2/17,2/9/17,1/24/18
602,NCLH UN Equity,0.87,0.971,8/8/17,2/15/17,1/30/18
603,NCR UN Equity,0.74,0.756,7/20/17,1/27/17,1/10/18
604,NDAQ UW Equity,0.88,0.966,7/26/17,2/2/17,1/17/18
605,NDSN UW Equity,1.12,1.306,5/22/17,11/28/16,11/9/17
606,NEE UN Equity,1.69,1.756,7/26/17,2/2/17,1/17/18
607,NEM UN Equity,0.33,0.261,7/25/17,2/1/17,1/16/18
608,NEU UN Equity,5.29,5.73,8/2/17,2/9/17,1/24/18
609,NFG UN Equity,1.05,1.048,5/4/17,11/9/16,10/24/17
610,NFLX UW Equity,0.15,0.248,7/17/17,1/24/17,1/5/18
611,NFX UN Equity,0.49,0.422,8/1/17,2/8/17,1/23/18
612,NI UN Equity,-0.14,0.101,8/2/17,2/9/17,1/24/18
613,NKE UN Equity,0.51,0.43,12/20/16,6/30/16,6/14/17
614,NKTR UW Equity,-0.39,-0.357,8/8/17,2/15/17,1/30/18
615,NLSN UN Equity,0.37,0.672,7/27/17,2/3/17,1/18/18
616,NLY UN Equity,-0.01,0.293,8/2/17,2/9/17,1/24/18
617,NNN UN Equity,0.33,0.348,8/1/17,2/8/17,1/23/18
618,NOC UN Equity,3.18,2.858,7/26/17,2/2/17,1/17/18
619,NOV UN Equity,-0.2,-0.146,7/27/17,2/3/17,1/18/18
620,NOW UN Equity,-0.33,0.199,7/26/17,2/2/17,1/17/18
621,NRG UN Equity,-1.98,0.047,8/3/17,2/10/17,1/25/18
622,NRZ UN Equity,1.05,0.529,7/31/17,2/7/17,1/22/18
623,NSC UN Equity,1.72,1.652,7/26/17,2/2/17,1/17/18
624,NTAP UW Equity,0.39,0.543,11/16/16,5/27/16,5/11/17
626,NTRS UW Equity,1.12,1.229,7/19/17,1/26/17,1/9/18
627,NUAN UW Equity,-0.12,0.381,5/9/17,11/14/16,10/27/17
628,NUE UN Equity,1,1.063,7/20/17,1/27/17,1/10/18
629,NUS UN Equity,0.79,0.69,8/2/17,2/9/17,1/24/18
630,NVDA UW Equity,0.49,0.477,8/11/16,2/22/16,2/2/17
631,NVR UN Equity,39.46,29.025,7/21/17,1/30/17,1/11/18
633,NWL UN Equity,0.46,0.867,8/4/17,2/13/17,1/26/18
634,NWS UW Equity,-0.5,0.184,2/9/17,8/18/16,8/2/17
635,NWSA UW Equity,-0.5,0.184,2/9/17,8/18/16,8/2/17
636,NXPI UW Equity,0.15,1.511,8/2/17,2/9/17,1/24/18
637,NYCB UN Equity,0.22,0.195,7/26/17,2/2/17,1/17/18
638,O UN Equity,0.3,0.32,7/26/17,2/2/17,1/17/18
639,OC UN Equity,0.86,1.076,7/26/17,2/2/17,1/17/18
640,ODFL UW Equity,1.2,1.097,7/27/17,2/3/17,1/18/18
641,OFC UN Equity,0.08,0.178,7/27/17,2/3/17,1/18/18
642,OGE UN Equity,0.52,0.466,8/3/17,2/10/17,1/25/18
643,OHI UN Equity,0.33,0.472,7/26/17,2/2/17,1/17/18
644,OI UN Equity,0.86,0.668,7/31/17,2/7/17,1/22/18
645,OKE UN Equity,0.34,0.43,8/1/17,2/8/17,1/23/18
647,OLED UW Equity,0.99,0.727,8/3/17,2/10/17,1/25/18
648,OLN UN Equity,-0.04,0.081,7/31/17,2/7/17,1/22/18
649,OMC UN Equity,1.41,1.379,7/20/17,1/27/17,1/10/18
650,OMF UN Equity,0.31,0.882,8/2/17,2/9/17,1/24/18
651,ON UW Equity,0.22,0.324,8/6/17,2/13/17,1/26/18
652,ORCL UN Equity,0.5,0.6,12/15/16,6/27/16,6/9/17
653,ORI UN Equity,0.39,0.36,7/27/17,2/3/17,1/18/18
654,ORLY UW Equity,3.14,2.891,7/26/17,2/2/17,1/17/18
655,OSK UN Equity,0.59,0.742,4/26/17,11/1/16,10/16/17
656,OUT UN Equity,0.27,0.225,8/3/17,2/10/17,1/25/18
657,OXY UN Equity,0.66,0.089,8/2/17,2/9/17,1/24/18
658,OZK UW Equity,0.73,0.73,7/12/17,1/19/17,1/2/18
659,PACW UW Equity,0.77,0.708,7/18/17,1/25/17,1/8/18
660,PAG UN Equity,1.23,1.207,7/27/17,2/3/17,1/18/18
661,PAH UN Equity,-0.21,0.187,8/9/17,2/16/17,1/31/18
662,PANW UN Equity,-0.67,0.623,2/28/17,9/6/16,8/18/17
663,PAYC UN Equity,0.34,0.202,8/1/17,2/8/17,1/23/18
664,PAYX UW Equity,0.56,0.555,12/21/16,7/1/16,6/15/17
665,PB UN Equity,0.99,0.999,7/26/17,2/2/17,1/17/18
666,PBCT UW Equity,0.2,0.228,7/20/17,1/27/17,1/10/18
667,PBF UN Equity,-1.01,0.016,8/3/17,2/10/17,1/25/18
668,PCAR UW Equity,1.06,0.987,7/25/17,2/1/17,1/16/18
669,PCG UN Equity,0.79,0.781,7/27/17,2/3/17,1/18/18
670,PE UN Equity,0.17,0.103,8/2/17,2/9/17,1/24/18
671,PEG UN Equity,0.22,0.582,7/28/17,2/6/17,1/19/18
672,PEGA UW Equity,0.05,0.17,8/9/17,2/16/17,1/31/18
673,PEN UN Equity,-0.05,-0.026,8/8/17,2/15/17,1/30/18
674,PEP UW Equity,1.47,1.397,7/11/17,1/18/17,12/29/17
675,PFE UN Equity,0.52,0.657,8/1/17,2/8/17,1/23/18
676,PFG UW Equity,1.07,1.224,7/27/17,2/3/17,1/18/18
677,PFPT UQ Equity,-0.54,0.123,7/27/17,2/3/17,1/18/18
678,PG UN Equity,3.01,1.062,1/20/17,7/29/16,7/13/17
679,PGR UN Equity,0.63,0.592,7/18/17,1/25/17,1/8/18
680,PGRE UN Equity,0.44,-0.006,8/3/17,2/10/17,1/25/18
681,PH UN Equity,1.81,1.39,2/2/17,8/11/16,7/26/17
682,PHM UN Equity,0.32,0.448,7/25/17,2/1/17,1/16/18
683,PII UN Equity,0.99,1.078,7/20/17,1/27/17,1/10/18
684,PINC UW Equity,8.095358,0.441,2/6/17,8/15/16,7/28/17
685,PK UN Equity,0.52,0.406,8/2/17,2/9/17,1/24/18
686,PKG UN Equity,1.52,1.473,7/26/17,2/2/17,1/17/18
687,PKI UN Equity,1.86,0.669,8/3/17,2/10/17,1/25/18
688,PLD UN Equity,0.5,0.426,7/18/17,1/25/17,1/8/18
689,PM UN Equity,1.14,1.228,7/20/17,1/27/17,1/10/18
690,PNC UN Equity,2.12,2.016,7/14/17,1/23/17,1/4/18
691,PNFP UW Equity,0.81,0.8,7/18/17,1/25/17,1/8/18
692,PNR UN Equity,1.45,0.997,7/25/17,2/1/17,1/16/18
693,PNW UN Equity,1.5,1.173,8/3/17,2/10/17,1/25/18
694,PODD UW Equity,-0.13,-0.127,8/3/17,2/10/17,1/25/18
695,POOL UW Equity,2.3,2.239,7/20/17,1/27/17,1/10/18
696,POST UN Equity,-0.08,0.579,5/8/17,11/11/16,10/26/17
697,PPC UW Equity,0.94,0.833,8/2/17,2/9/17,1/24/18
699,PPL UN Equity,0.43,0.495,8/3/17,2/10/17,1/25/18
700,PRAH UW Equity,0.47,0.742,8/7/17,2/14/17,1/29/18
701,PRGO UN Equity,-0.49,0.922,8/10/17,2/17/17,2/1/18
702,PRU UN Equity,1.13,2.703,8/2/17,2/9/17,1/24/18
704,PSA UN Equity,1.59,1.8,7/26/17,2/2/17,1/17/18
705,PSTG UN Equity,-0.31,-0.232,8/25/16,3/7/16,2/16/17
706,PSX UN Equity,1.06,1.009,8/1/17,2/8/17,1/23/18
707,PTC UW Equity,-0.01,0.283,4/19/17,10/25/16,10/9/17
708,PTEN UW Equity,-0.46,-0.297,7/27/17,2/3/17,1/18/18
709,PVH UN Equity,1.12,1.288,8/24/16,3/4/16,2/15/17
710,PWR UN Equity,0.41,0.532,8/3/17,2/10/17,1/25/18
711,PXD UN Equity,1.36,0.116,8/1/17,2/8/17,1/23/18
712,PYPL UW Equity,0.34,0.427,7/26/17,2/2/17,1/17/18
713,QCOM UW Equity,0.51,1.185,4/19/17,10/25/16,10/9/17
715,QGEN UN Equity,0.06,0.287,7/27/17,2/3/17,1/18/18
717,QRVO UW Equity,0.09,1.407,11/3/16,5/16/16,4/28/17
718,R UN Equity,0.96,0.95,7/26/17,2/2/17,1/17/18
719,RBC UN Equity,1.19,1.281,8/7/17,2/14/17,1/29/18
720,RCL UN Equity,1.72,1.666,8/1/17,2/8/17,1/23/18
721,RE UN Equity,5.98,5.236,7/24/17,1/31/17,1/12/18
722,REG UW Equity,0.28,0.39,8/3/17,2/10/17,1/25/18
723,REGN UW Equity,3.66,3.168,8/3/17,2/10/17,1/25/18
724,RES UN Equity,0.2,0.13,7/26/17,2/2/17,1/17/18
726,RF UN Equity,0.25,0.24,7/21/17,1/30/17,1/11/18
727,RGA UN Equity,3.6,2.478,7/27/17,2/3/17,1/18/18
728,RGLD UW Equity,0.43,0.355,2/1/17,8/10/16,7/25/17
729,RHI UN Equity,0.64,0.659,7/25/17,2/1/17,1/16/18
730,RHT UN Equity,0.33,0.539,9/21/16,4/1/16,3/15/17
731,RIG UN Equity,-4.32,-0.088,8/2/17,2/9/17,1/24/18
732,RJF UN Equity,0.78,1.136,4/26/17,11/1/16,10/16/17
733,RL UN Equity,0.55,1.714,11/10/16,5/23/16,5/5/17
734,RLGY UN Equity,0.79,0.745,8/3/17,2/10/17,1/25/18
735,RMD UN Equity,0.54,0.684,1/23/17,8/1/16,7/14/17
736,RNG UN Equity,-0.03,0.03,8/2/17,2/9/17,1/24/18
737,RNR UN Equity,4.25,2.354,7/25/17,2/1/17,1/16/18
738,ROK UN Equity,1.47,1.402,4/26/17,11/1/16,10/16/17
739,ROL UN Equity,0.25,0.245,7/26/17,2/2/17,1/17/18
740,ROP UN Equity,1.76,2.218,7/31/17,2/7/17,1/22/18
741,ROST UW Equity,0.72,0.674,8/18/16,2/29/16,2/9/17
742,RP UW Equity,0.08,0.222,8/2/17,2/9/17,1/24/18
743,RPAI UN Equity,0.48,0.04,8/1/17,2/8/17,1/23/18
744,RPM UN Equity,-0.54,0.605,1/5/17,7/15/16,6/28/17
745,RRC UN Equity,0.28,0.079,8/1/17,2/8/17,1/23/18
746,RS UN Equity,1.41,1.369,7/27/17,2/3/17,1/18/18
747,RSG UN Equity,0.6,0.598,7/27/17,2/3/17,1/18/18
748,RTN UN Equity,1.9,1.756,7/27/17,2/3/17,1/18/18
750,RYN UN Equity,0.2,0.105,8/2/17,2/9/17,1/24/18
751,S UN Equity,-0.04,-0.082,10/25/16,5/5/16,4/19/17
752,SABR UW Equity,-0.02,0.351,8/1/17,2/8/17,1/23/18
753,SAGE UQ Equity,-1.88,-1.637,8/3/17,2/10/17,1/25/18
754,SATS UW Equity,0.07,0.095,8/9/17,2/16/17,1/31/18
755,SBAC UW Equity,0.08,0.195,7/31/17,2/7/17,1/22/18
756,SBNY UW Equity,0.26,2.214,7/19/17,1/26/17,1/9/18
757,SBUX UW Equity,0.45,0.448,4/27/17,11/2/16,10/17/17
758,SC UN Equity,0.74,0.605,7/28/17,2/6/17,1/19/18
759,SCCO UN Equity,0.39,0.417,7/27/17,2/3/17,1/18/18
760,SCG UN Equity,0.85,0.743,8/3/17,2/10/17,1/25/18
761,SCHW UN Equity,0.4,0.388,7/18/17,1/25/17,1/8/18
762,SCI UN Equity,0.37,0.303,7/26/17,2/2/17,1/17/18
764,SEE UN Equity,0.53,0.356,8/8/17,2/15/17,1/30/18
765,SEIC UW Equity,0.58,0.552,7/26/17,2/2/17,1/17/18
766,SERV UN Equity,0.64,0.683,7/31/17,2/7/17,1/22/18
767,SFM UW Equity,0.3,0.25,8/3/17,2/10/17,1/25/18
768,SGEN UW Equity,-0.39,-0.407,7/27/17,2/3/17,1/18/18
769,SHW UN Equity,3.44,4.638,7/20/17,1/27/17,1/10/18
770,SIRI UW Equity,0.04,0.042,7/27/17,2/3/17,1/18/18
771,SITC UN Equity,0.12,0.013,7/26/17,2/2/17,1/17/18
772,SIVB UW Equity,2.34,2.025,7/27/17,2/3/17,1/18/18
773,SIX UN Equity,0.6,0.716,7/26/17,2/2/17,1/17/18
774,SJM UN Equity,1.52,1.927,11/17/16,5/31/16,5/12/17
775,SKX UN Equity,0.38,0.441,7/20/17,1/27/17,1/10/18
776,SLB UN Equity,-0.05,0.298,7/21/17,1/30/17,1/11/18
777,SLG UN Equity,0.08,0.545,7/19/17,1/26/17,1/9/18
778,SLGN UW Equity,0.25,0.352,7/26/17,2/2/17,1/17/18
779,SLM UW Equity,0.15,0.164,7/19/17,1/26/17,1/9/18
780,SM UN Equity,-1.08,-0.292,8/3/17,2/10/17,1/25/18
781,SMG UN Equity,2.76,2.904,5/2/17,11/7/16,10/20/17
782,SNA UN Equity,2.65,2.556,7/20/17,1/27/17,1/10/18
784,SNH UW Equity,0.07,0.148,8/3/17,2/10/17,1/25/18
785,SNPS UW Equity,0.35,0.858,5/17/17,11/22/16,11/6/17
786,SNV UN Equity,0.6,0.591,7/18/17,1/25/17,1/8/18
787,SO UN Equity,-1.38,0.709,8/2/17,2/9/17,1/24/18
788,SON UN Equity,0.43,0.701,7/20/17,1/27/17,1/10/18
790,SPG UN Equity,1.23,1.13,8/1/17,2/8/17,1/23/18
791,SPGI UN Equity,1.63,1.576,7/27/17,2/3/17,1/18/18
792,SPLK UW Equity,-0.65,0.034,8/25/16,3/7/16,2/16/17
793,SPR UN Equity,-0.48,1.196,8/2/17,2/9/17,1/24/18
794,SQ UN Equity,-0.04,0.05,8/2/17,2/9/17,1/24/18
795,SRC UN Equity,0.05,0.069,8/3/17,2/10/17,1/25/18
796,SRCL UW Equity,-1.74,1.128,8/3/17,2/10/17,1/25/18
797,SRE UN Equity,1.03,0.859,8/4/17,2/13/17,1/26/18
799,SSNC UW Equity,0.25,0.462,7/27/17,2/3/17,1/18/18
800,ST UN Equity,0.46,0.784,7/25/17,2/1/17,1/16/18
801,STAY UW Equity,0.257098,0.308,8/1/17,2/8/17,1/23/18
802,STE UN Equity,0.47,0.897,11/2/16,5/13/16,4/27/17
803,STI UN Equity,1.05,0.987,7/21/17,1/30/17,1/11/18
804,STL UN Equity,0.31,0.33,7/25/17,2/1/17,1/16/18
805,STLD UW Equity,0.64,0.63,7/19/17,1/26/17,1/9/18
806,STOR UN Equity,0.353639,0.198,8/3/17,2/10/17,1/25/18
807,STT UN Equity,1.56,1.572,7/26/17,2/2/17,1/17/18
808,STWD UN Equity,0.45,0.509,8/9/17,2/16/17,1/31/18
809,STZ UN Equity,1.787235,1.655,10/5/16,4/15/16,3/29/17
810,SUI UN Equity,0.16,0.16,7/26/17,2/2/17,1/17/18
812,SWK UN Equity,1.86,1.964,7/24/17,1/31/17,1/12/18
813,SWKS UW Equity,1.22,1.401,4/27/17,11/2/16,10/17/17
814,SYF UN Equity,0.62,0.572,7/21/17,1/30/17,1/11/18
815,SYK UN Equity,1.04,1.509,7/27/17,2/3/17,1/18/18
816,SYMC UW Equity,-0.23,0.201,11/3/16,5/16/16,4/28/17
817,SYY UN Equity,0.5,0.542,2/6/17,8/15/16,7/28/17
818,T UN Equity,0.63,0.736,7/25/17,2/1/17,1/16/18
819,TAP UN Equity,1.53,2.117,8/2/17,2/9/17,1/24/18
820,TCBI UW Equity,0.98,0.948,7/19/17,1/26/17,1/9/18
821,TCF UN Equity,0.33,0.299,7/24/17,1/31/17,1/12/18
822,TCO UN Equity,0.22,0.178,7/27/17,2/3/17,1/18/18
823,TDC UN Equity,-0.03,0.279,7/27/17,2/3/17,1/18/18
824,TDG UN Equity,2.78,3.005,5/9/17,11/14/16,10/27/17
825,TDS UN Equity,0.09,0.22,8/4/17,2/13/17,1/26/18
826,TDY UN Equity,1.71,1.26,8/3/17,2/10/17,1/25/18
827,TEAM UW Equity,-0.01,0.081,1/19/17,7/28/16,7/12/17
828,TECH UW Equity,0.2,0.841,2/7/17,8/16/16,7/31/17
829,TER UW Equity,0.88,0.864,7/26/17,2/2/17,1/17/18
830,TEX UN Equity,1.05,0.427,8/1/17,2/8/17,1/23/18
831,TFSL UW Equity,0.08,0.07,4/28/17,11/3/16,10/18/17
832,TFX UN Equity,1.73,1.908,8/3/17,2/10/17,1/25/18
833,TGT UN Equity,1.17,1.132,8/17/16,2/26/16,2/8/17
834,THG UN Equity,1.85,1.563,8/2/17,2/9/17,1/24/18
835,THO UN Equity,1.23,1.216,3/6/17,9/12/16,8/24/17
836,THS UN Equity,-0.6,0.486,8/3/17,2/10/17,1/25/18
838,TIF UN Equity,0.84,0.714,8/25/16,3/7/16,2/16/17
839,TJX UN Equity,0.425,0.409,8/16/16,2/25/16,2/7/17
840,TKR UN Equity,1.06,0.67,7/26/17,2/2/17,1/17/18
841,TMK UN Equity,1.2,1.168,7/26/17,2/2/17,1/17/18
842,TMO UN Equity,1.57,2.267,7/26/17,2/2/17,1/17/18
843,TMUS UW Equity,0.68,0.359,7/19/17,1/26/17,1/9/18
844,TOL UN Equity,0.76,0.624,5/23/17,11/29/16,11/10/17
845,TPR UN Equity,0.71,0.742,1/31/17,8/9/16,7/24/17
846,TPX UN Equity,0.45,0.407,7/27/17,2/3/17,1/18/18
847,TRCO UN Equity,-0.35,0.412,8/9/17,2/16/17,1/31/18
848,TRGP UN Equity,0.14,-0.151,8/3/17,2/10/17,1/25/18
849,TRIP UW Equity,0.19,0.301,8/8/17,2/15/17,1/30/18
850,TRMB UW Equity,0.19,0.35,8/2/17,2/9/17,1/24/18
851,TRN UN Equity,0.34,0.304,7/25/17,2/1/17,1/16/18
852,TROW UW Equity,1.52,1.296,7/25/17,2/1/17,1/16/18
853,TRU UN Equity,0.36,0.432,7/25/17,2/1/17,1/16/18
854,TRV UN Equity,2.13,2.12,7/20/17,1/27/17,1/10/18
855,TSCO UW Equity,1.25,1.268,7/26/17,2/2/17,1/17/18
856,TSLA UW Equity,-2.04,-1.876,8/2/17,2/9/17,1/24/18
857,TSN UN Equity,0.92,1.024,5/8/17,11/11/16,10/26/17
858,TSRO UW Equity,-2.82,-2.489,8/8/17,2/15/17,1/30/18
859,TSS UN Equity,0.62,0.802,7/25/17,2/1/17,1/16/18
860,TTC UN Equity,1.11,1.037,5/25/17,12/1/16,11/14/17
861,TTWO UW Equity,0.42,0.288,11/2/16,5/13/16,4/27/17
862,TWLO UN Equity,-0.08,-0.108,8/7/17,2/14/17,1/29/18
863,TWO UN Equity,0.04,0.533,8/7/17,2/14/17,1/29/18
864,TWOU UW Equity,-0.25,-0.117,8/7/17,2/14/17,1/29/18
865,TWTR UN Equity,-0.16,0.046,7/27/17,2/3/17,1/18/18
866,TXN UW Equity,1.05,1.012,7/25/17,2/1/17,1/16/18
867,TXT UN Equity,0.57,0.547,7/19/17,1/26/17,1/9/18
868,TYL UN Equity,0.86,0.936,7/26/17,2/2/17,1/17/18
870,UAA UN Equity,-0.03,-0.061,8/1/17,2/8/17,1/23/18
871,UAL UW Equity,2.67,2.719,7/18/17,1/25/17,1/8/18
872,UBNT UW Equity,0.74,0.751,2/9/17,8/18/16,8/2/17
873,UDR UN Equity,0.03,0.084,7/26/17,2/2/17,1/17/18
874,UFS UN Equity,0.61,0.545,7/28/17,2/6/17,1/19/18
875,UGI UN Equity,1.27,1.248,5/1/17,11/4/16,10/19/17
876,UHAL UW Equity,9.01,8.78,11/9/16,5/20/16,5/4/17
877,UHS UN Equity,1.93,2.063,7/25/17,2/1/17,1/16/18
878,ULTA UW Equity,1.44,1.397,8/25/16,3/7/16,2/16/17
879,ULTI UW Equity,0.15,0.904,8/1/17,2/8/17,1/23/18
880,UMPQ UW Equity,0.26,0.268,7/19/17,1/26/17,1/9/18
881,UNH UN Equity,2.37,2.379,7/18/17,1/25/17,1/8/18
882,UNIT UW Equity,-0.11,-0.028,8/3/17,2/10/17,1/25/18
883,UNM UN Equity,1.08,1.011,7/27/17,2/3/17,1/18/18
884,UNP UN Equity,1.45,1.393,7/20/17,1/27/17,1/10/18
885,UNVR UN Equity,0.22,0.316,8/4/17,2/13/17,1/26/18
886,UPS UN Equity,1.59,1.468,7/27/17,2/3/17,1/18/18
887,URBN UW Equity,0.66,0.553,8/16/16,2/25/16,2/7/17
888,URI UN Equity,1.67,2.319,7/19/17,1/26/17,1/9/18
889,USB UN Equity,0.85,0.844,7/19/17,1/26/17,1/9/18
890,USFD UN Equity,0.29,0.363,8/9/17,2/16/17,1/31/18
891,USG UN Equity,0.25,0.514,7/26/17,2/2/17,1/17/18
892,USM UN Equity,0.14,0.15,8/4/17,2/13/17,1/26/18
893,UTHR UW Equity,-1.25,3.793,7/27/17,2/3/17,1/18/18
894,UTX UN Equity,1.83,1.777,7/25/17,2/1/17,1/16/18
895,V UN Equity,0.203406,0.79,4/20/17,10/26/16,10/10/17
896,VAR UN Equity,0.6,0.896,4/26/17,11/1/16,10/16/17
897,VC UW Equity,1.43,1.268,7/27/17,2/3/17,1/18/18
898,VEEV UN Equity,0.1,0.13,8/30/16,3/10/16,2/22/17
899,VER UN Equity,0.034294,0.02,8/3/17,2/10/17,1/25/18
900,VFC UN Equity,0.28,0.284,7/24/17,1/31/17,1/12/18
901,VIA UW Equity,0.3,0.599,5/4/17,11/9/16,10/24/17
902,VIAB UW Equity,0.3,0.599,5/4/17,11/9/16,10/24/17
904,VIRT UW Equity,0.01,0.167,8/8/17,2/15/17,1/30/18
905,VLO UN Equity,1.23,1.444,7/27/17,2/3/17,1/18/18
906,VMC UN Equity,0.91,1.201,8/2/17,2/9/17,1/24/18
907,VMI UN Equity,2.03,1.952,7/19/17,1/26/17,1/9/18
909,VNO UN Equity,0.61,0.466,7/31/17,2/7/17,1/22/18
911,VRSK UW Equity,0.73,0.769,8/1/17,2/8/17,1/23/18
912,VRSN UW Equity,1.22,0.993,7/27/17,2/3/17,1/18/18
913,VRTX UW Equity,0.07,0.353,7/26/17,2/2/17,1/17/18
914,VSM UN Equity,0.41,0.43,5/2/17,11/7/16,10/20/17
915,VST UN Equity,-0.06,0.06,8/4/17,2/13/17,1/26/18
916,VTR UN Equity,0.43,0.448,7/28/17,2/6/17,1/19/18
917,VVC UN Equity,0.45,0.437,8/3/17,2/10/17,1/25/18
918,VVV UN Equity,0.35,0.333,4/25/17,10/31/16,10/13/17
919,VZ UN Equity,1.07,0.96,7/27/17,2/3/17,1/18/18
920,W UN Equity,-0.45,-0.462,8/8/17,2/15/17,1/30/18
921,WAB UN Equity,0.75,0.939,7/25/17,2/1/17,1/16/18
922,WAL UN Equity,0.77,0.726,7/20/17,1/27/17,1/10/18
923,WAT UN Equity,1.65,1.709,7/25/17,2/1/17,1/16/18
924,WBA UW Equity,0.98,1.359,4/5/17,10/12/16,9/26/17
925,WBC UN Equity,1.62,1.536,7/20/17,1/27/17,1/10/18
926,WBS UN Equity,0.65,0.605,7/21/17,1/30/17,1/11/18
927,WBT UN Equity,0.22,0.183,8/9/17,2/16/17,1/31/18
928,WCC UN Equity,1.03,0.974,7/27/17,2/3/17,1/18/18
929,WCG UN Equity,1.67,2.238,8/4/17,2/13/17,1/26/18
930,WDAY UW Equity,-0.55,-0.02,8/24/16,3/4/16,2/15/17
931,WDC UW Equity,0.82,2.124,1/25/17,8/3/16,7/18/17
932,WEC UN Equity,0.63,0.584,7/26/17,2/2/17,1/17/18
933,WELL UN Equity,0.51,0.455,7/28/17,2/6/17,1/19/18
934,WEN UW Equity,-0.01,0.131,8/9/17,2/16/17,1/31/18
935,WEX UN Equity,0.4,1.245,7/27/17,2/3/17,1/18/18
936,WFC UN Equity,1.09,1.009,7/14/17,1/23/17,1/4/18
937,WFT UN Equity,-0.17,-0.284,7/28/17,2/6/17,1/19/18
939,WHR UN Equity,2.55,3.536,7/26/17,2/2/17,1/17/18
940,WLK UN Equity,1.18,1.237,8/3/17,2/10/17,1/25/18
941,WLL UN Equity,-0.72,-0.777,7/26/17,2/2/17,1/17/18
942,WLTW UW Equity,0.24,1.499,8/3/17,2/10/17,1/25/18
943,WM UN Equity,0.82,0.813,7/26/17,2/2/17,1/17/18
944,WMB UN Equity,0.1,0.194,8/2/17,2/9/17,1/24/18
945,WMT UN Equity,1.21,1.018,8/18/16,2/29/16,2/9/17
946,WP UN Equity,0.43,0.824,8/9/17,2/16/17,1/31/18
947,WPC UN Equity,0.6,0.57,8/4/17,2/13/17,1/26/18
948,WPX UN Equity,0.18,-0.149,8/2/17,2/9/17,1/24/18
949,WRB UN Equity,0.87,0.767,7/25/17,2/1/17,1/16/18
950,WRI UN Equity,0.5,0.242,7/27/17,2/3/17,1/18/18
951,WRK UN Equity,0.41,0.461,4/26/17,11/1/16,10/16/17
952,WSM UN Equity,0.58,0.58,8/24/16,3/4/16,2/15/17
953,WSO UN Equity,2.07,2.041,7/25/17,2/1/17,1/16/18
954,WST UN Equity,0.53,0.648,7/27/17,2/3/17,1/18/18
955,WTFC UW Equity,1.15,0.993,7/18/17,1/25/17,1/8/18
956,WTM UN Equity,2.97,1.12,8/4/17,2/13/17,1/26/18
957,WTR UN Equity,0.34,0.34,8/2/17,2/9/17,1/24/18
958,WU UN Equity,0.35,0.417,8/3/17,2/10/17,1/25/18
959,WY UN Equity,0.03,0.273,7/28/17,2/6/17,1/19/18
960,WYND UN Equity,0.82,1.495,8/2/17,2/9/17,1/24/18
961,WYNN UW Equity,0.73,1.175,7/25/17,2/1/17,1/16/18
962,X UN Equity,1.49,0.358,7/25/17,2/1/17,1/16/18
963,XEC UN Equity,1.02,0.948,8/8/17,2/15/17,1/30/18
964,XEL UW Equity,0.45,0.419,7/27/17,2/3/17,1/18/18
965,XLNX UW Equity,0.65,0.546,10/19/16,4/29/16,4/12/17
966,XOG UW Equity,0.02,-0.048,8/9/17,2/16/17,1/31/18
967,XOM UN Equity,0.78,0.843,7/28/17,2/6/17,1/19/18
968,XPO UN Equity,0.43,0.604,8/2/17,2/9/17,1/24/18
969,XRAY UW Equity,-4.58,0.652,8/9/17,2/16/17,1/31/18
970,XRX UN Equity,0.64,0.798,8/1/17,2/8/17,1/23/18
971,XYL UN Equity,0.55,0.569,8/1/17,2/8/17,1/23/18
972,Y UN Equity,6.6,7.95,8/3/17,2/10/17,1/25/18
973,YUM UN Equity,0.59,0.619,8/3/17,2/10/17,1/25/18
974,YUMC UN Equity,0.32,0.274,7/5/17,1/11/17,12/22/17
976,ZAYO UN Equity,0.08,0.08,2/9/17,8/18/16,8/2/17
977,ZBH UN Equity,0.91,2.085,7/27/17,2/3/17,1/18/18
978,ZBRA UW Equity,0.33,1.48,8/8/17,2/15/17,1/30/18
979,ZEN UN Equity,-0.26,-0.055,8/3/17,2/10/17,1/25/18
980,ZG UW Equity,-0.12,-0.01,8/8/17,2/15/17,1/30/18
981,ZION UW Equity,0.76,0.621,7/25/17,2/1/17,1/16/18
982,ZNGA UW Equity,0.01,0.018,8/2/17,2/9/17,1/24/18
983,ZTS UN Equity,0.5,0.527,8/8/17,2/15/17,1/30/18